cluster,culmen_length_mm,culmen_depth_mm,flipper_length_mm,body_mass_g,sex_MALE
0,43.87830188679246,19.11132075471698,194.76415094339623,4006.603773584906,1.0
1,47.56806722689076,14.996638655462185,217.23529411764707,5092.436974789916,0.5126050420168067
2,40.217757009345796,17.61121495327103,189.0467289719626,3419.158878504673,0.0
